{
    "Bleu_1": 0.39588493625297616,
    "Bleu_2": 0.20449215925044384,
    "Bleu_3": 0.10175364804719275,
    "Bleu_4": 0.049941538488490755,
    "METEOR": 0.14174525060812512,
    "ROUGE_L": 0.30483987953698893,
    "CIDEr": 0.21315354511094148,
    "SPICE": 0.07976294118299075
}