{
    "Bleu_1": 0.6716996785232673,
    "Bleu_2": 0.48267704064639816,
    "Bleu_3": 0.33173177320522534,
    "Bleu_4": 0.22517195260515388,
    "METEOR": 0.22416460117035814,
    "ROUGE_L": 0.48355046274247815,
    "CIDEr": 0.7693384585577544,
    "SPICE": 0.15677715663464836
}