{
    "Bleu_1": 0.6335843254750329,
    "Bleu_2": 0.43634789789266376,
    "Bleu_3": 0.2863123538871426,
    "Bleu_4": 0.1859190574802655,
    "METEOR": 0.21380703710058158,
    "ROUGE_L": 0.45185998094291224,
    "CIDEr": 0.7137120848470654,
    "SPICE": 0.1533524368681671
}