{
    "Bleu_1": 0.7287977245832058,
    "Bleu_2": 0.5504571303955729,
    "Bleu_3": 0.397560565129598,
    "Bleu_4": 0.2831951891666347,
    "METEOR": 0.2534695324708143,
    "ROUGE_L": 0.526622590645447,
    "CIDEr": 0.9702907000798721,
    "SPICE": 0.18942513322329546
}