{
    "Bleu_1": 0.4862576505915284,
    "Bleu_2": 0.2839339385780389,
    "Bleu_3": 0.1554331308813357,
    "Bleu_4": 0.08416576961425275,
    "METEOR": 0.16856826346446363,
    "ROUGE_L": 0.3658884041942847,
    "CIDEr": 0.33650248148146705,
    "SPICE": 0.10301337134312843
}