{
    "Bleu_1": 0.6253683906385318,
    "Bleu_2": 0.4357865426099813,
    "Bleu_3": 0.29214103079759945,
    "Bleu_4": 0.19530129568480226,
    "METEOR": 0.2175108804736847,
    "ROUGE_L": 0.46571700894320855,
    "CIDEr": 0.6816418707759742,
    "SPICE": 0.15423883802642796
}