{
    "Bleu_1": 0.5379354602126781,
    "Bleu_2": 0.3275574905504249,
    "Bleu_3": 0.186453168606363,
    "Bleu_4": 0.10371769604556433,
    "METEOR": 0.17966924508737928,
    "ROUGE_L": 0.38930268599422496,
    "CIDEr": 0.4480147480382855,
    "SPICE": 0.11529150968589001
}