{
    "Bleu_1": 0.4132479769600336,
    "Bleu_2": 0.21807557242009934,
    "Bleu_3": 0.10829080210331106,
    "Bleu_4": 0.05283466793719361,
    "METEOR": 0.14677777669068434,
    "ROUGE_L": 0.29914095169507643,
    "CIDEr": 0.2640044369911542,
    "SPICE": 0.09321035354214362
}