{
    "Bleu_1": 0.429266372795963,
    "Bleu_2": 0.2447893709501339,
    "Bleu_3": 0.13606048206007348,
    "Bleu_4": 0.07638946151491408,
    "METEOR": 0.15294747090326297,
    "ROUGE_L": 0.3208704461413581,
    "CIDEr": 0.3342396003637391,
    "SPICE": 0.10176309759844007
}