{
    "Bleu_1": 0.4333099391751816,
    "Bleu_2": 0.24220448847668946,
    "Bleu_3": 0.13238022258665905,
    "Bleu_4": 0.07276566977099466,
    "METEOR": 0.14798823241243506,
    "ROUGE_L": 0.31415200860155573,
    "CIDEr": 0.31585635735550616,
    "SPICE": 0.0990009439947974
}