{
    "Bleu_1": 0.6357149781870939,
    "Bleu_2": 0.4435853321195414,
    "Bleu_3": 0.2960782561055206,
    "Bleu_4": 0.19553549583287214,
    "METEOR": 0.20774340597500848,
    "ROUGE_L": 0.46077991949569513,
    "CIDEr": 0.6696350211550248,
    "SPICE": 0.1383204950784294
}