{
    "Bleu_1": 0.5176289949577185,
    "Bleu_2": 0.2986969038671114,
    "Bleu_3": 0.16577262259056458,
    "Bleu_4": 0.09385266443161291,
    "METEOR": 0.14347591299130477,
    "ROUGE_L": 0.3793889559840818,
    "CIDEr": 0.23940102153240223,
    "SPICE": 0.0665550065312743
}