{
    "Bleu_1": 0.6339605821592482,
    "Bleu_2": 0.4407708034550727,
    "Bleu_3": 0.29212371334076626,
    "Bleu_4": 0.19259265223846578,
    "METEOR": 0.20827241619782846,
    "ROUGE_L": 0.4597506917283414,
    "CIDEr": 0.6759425968462583,
    "SPICE": 0.14073009481763865
}