{
    "Bleu_1": 0.5624921465968469,
    "Bleu_2": 0.34975311215184474,
    "Bleu_3": 0.212566492376961,
    "Bleu_4": 0.1326896429238967,
    "METEOR": 0.15203759967383296,
    "ROUGE_L": 0.40485129626958893,
    "CIDEr": 0.3223892567746615,
    "SPICE": 0.07453465772122239
}