{
    "Bleu_1": 0.5538291679212978,
    "Bleu_2": 0.3456563445111226,
    "Bleu_3": 0.20913133158048344,
    "Bleu_4": 0.13100085504062425,
    "METEOR": 0.15330574083769163,
    "ROUGE_L": 0.4048243054031201,
    "CIDEr": 0.3097476172000309,
    "SPICE": 0.074321761586306
}