{
    "Bleu_1": 0.6465246037870116,
    "Bleu_2": 0.4547281747411753,
    "Bleu_3": 0.30673879386253206,
    "Bleu_4": 0.20456829565149837,
    "METEOR": 0.21139037950361184,
    "ROUGE_L": 0.46790395255298545,
    "CIDEr": 0.6911578933246768,
    "SPICE": 0.1423620260829309
}