{
    "Bleu_1": 0.5262015378060797,
    "Bleu_2": 0.30875483949247556,
    "Bleu_3": 0.1721842408301622,
    "Bleu_4": 0.09797667001503056,
    "METEOR": 0.1416540055874112,
    "ROUGE_L": 0.3820660474556835,
    "CIDEr": 0.24367932366086667,
    "SPICE": 0.060739942774221956
}