{
    "Bleu_1": 0.5385877503651573,
    "Bleu_2": 0.31766509016208166,
    "Bleu_3": 0.18312893229460567,
    "Bleu_4": 0.10990623714110287,
    "METEOR": 0.14705331202818994,
    "ROUGE_L": 0.39017499364621383,
    "CIDEr": 0.2769483498129014,
    "SPICE": 0.06806741702213719
}