{
    "Bleu_1": 0.42460877157632443,
    "Bleu_2": 0.2340763517974168,
    "Bleu_3": 0.1260232684039303,
    "Bleu_4": 0.06861254234531991,
    "METEOR": 0.14164343658661369,
    "ROUGE_L": 0.30825195684196777,
    "CIDEr": 0.2856997812633969,
    "SPICE": 0.09021545537325694
}