{
    "Bleu_1": 0.5396750211092007,
    "Bleu_2": 0.32743155489174397,
    "Bleu_3": 0.1982684635390356,
    "Bleu_4": 0.12245126842220978,
    "METEOR": 0.1492785370615292,
    "ROUGE_L": 0.3951234695608307,
    "CIDEr": 0.2986919556887338,
    "SPICE": 0.07363849436969522
}