{
    "Bleu_1": 0.6422852544759476,
    "Bleu_2": 0.45025228423897024,
    "Bleu_3": 0.3012477504688801,
    "Bleu_4": 0.19944547622098457,
    "METEOR": 0.2054535330875601,
    "ROUGE_L": 0.46556687408673725,
    "CIDEr": 0.6528280556049285,
    "SPICE": 0.13352278197387296
}