{
    "Bleu_1": 0.4923979571946417,
    "Bleu_2": 0.2663106929479466,
    "Bleu_3": 0.14155940329114994,
    "Bleu_4": 0.07914023465810568,
    "METEOR": 0.12859597111768803,
    "ROUGE_L": 0.35834648568426974,
    "CIDEr": 0.16898008397180425,
    "SPICE": 0.04988136778589737
}