{
    "Bleu_1": 0.6412083907021819,
    "Bleu_2": 0.4466623765592827,
    "Bleu_3": 0.30017788327914263,
    "Bleu_4": 0.2002162764498868,
    "METEOR": 0.20283258182338468,
    "ROUGE_L": 0.4623394956889182,
    "CIDEr": 0.6284371505858796,
    "SPICE": 0.1296967681991767
}