{
    "Bleu_1": 0.43425803291179793,
    "Bleu_2": 0.24057859938709736,
    "Bleu_3": 0.12967621983837854,
    "Bleu_4": 0.07073594909863322,
    "METEOR": 0.13720440667305478,
    "ROUGE_L": 0.3020776497652583,
    "CIDEr": 0.2675172944208926,
    "SPICE": 0.0861678314325084
}