{
    "Bleu_1": 0.6290569443899253,
    "Bleu_2": 0.4356490577965287,
    "Bleu_3": 0.28783848339664214,
    "Bleu_4": 0.18768049102199974,
    "METEOR": 0.20252300175430782,
    "ROUGE_L": 0.4558070570265871,
    "CIDEr": 0.6369268454346074,
    "SPICE": 0.13217140338457367
}