{
    "Bleu_1": 0.535765464533068,
    "Bleu_2": 0.32174533738445277,
    "Bleu_3": 0.18900975991666064,
    "Bleu_4": 0.1148769365205063,
    "METEOR": 0.14882036680333785,
    "ROUGE_L": 0.3919291455687323,
    "CIDEr": 0.28618379072218675,
    "SPICE": 0.0698202762993349
}