{
    "Bleu_1": 0.44935634824044896,
    "Bleu_2": 0.2564720931978187,
    "Bleu_3": 0.14354806542714343,
    "Bleu_4": 0.08135717932413067,
    "METEOR": 0.1502252333590469,
    "ROUGE_L": 0.32114102464808225,
    "CIDEr": 0.33543247120664765,
    "SPICE": 0.09879277894010174
}