{
    "Bleu_1": 0.6501713840027781,
    "Bleu_2": 0.453765053414576,
    "Bleu_3": 0.3064675651628599,
    "Bleu_4": 0.2074331513099427,
    "METEOR": 0.20266031852551247,
    "ROUGE_L": 0.4656115589038608,
    "CIDEr": 0.6349849372583862,
    "SPICE": 0.12995917117269568
}