{
    "Bleu_1": 0.6200984251968382,
    "Bleu_2": 0.4266402519090782,
    "Bleu_3": 0.2783684362942858,
    "Bleu_4": 0.18114459240665629,
    "METEOR": 0.1971731645505572,
    "ROUGE_L": 0.4497175616967229,
    "CIDEr": 0.5964347851324528,
    "SPICE": 0.12768958978966838
}