{
    "Bleu_1": 0.5851100799280324,
    "Bleu_2": 0.38570993597071396,
    "Bleu_3": 0.2460117294589184,
    "Bleu_4": 0.1596239832922267,
    "METEOR": 0.1711978597812726,
    "ROUGE_L": 0.4231522506423611,
    "CIDEr": 0.42945441732094386,
    "SPICE": 0.09686249314918949
}