{
    "Bleu_1": 0.4493401090821011,
    "Bleu_2": 0.25127628441841493,
    "Bleu_3": 0.1363244285620263,
    "Bleu_4": 0.07453742047823564,
    "METEOR": 0.14045474076787218,
    "ROUGE_L": 0.31010328116808,
    "CIDEr": 0.30680991297124,
    "SPICE": 0.08906737624832
}