{
    "Bleu_1": 0.6279723169093973,
    "Bleu_2": 0.43041773784606085,
    "Bleu_3": 0.28516018731472303,
    "Bleu_4": 0.18740693434690361,
    "METEOR": 0.19176603831902841,
    "ROUGE_L": 0.45150045016144685,
    "CIDEr": 0.5724475692984755,
    "SPICE": 0.1183567964402896
}