{
    "Bleu_1": 0.5909009206926047,
    "Bleu_2": 0.3918037959987361,
    "Bleu_3": 0.25289589250500266,
    "Bleu_4": 0.16330158042387366,
    "METEOR": 0.18070744962015925,
    "ROUGE_L": 0.427745349756139,
    "CIDEr": 0.5019516912793002,
    "SPICE": 0.1062103479542946
}