{
    "Bleu_1": 0.4535780464131218,
    "Bleu_2": 0.25876850727842415,
    "Bleu_3": 0.14223453289227916,
    "Bleu_4": 0.07988555265865006,
    "METEOR": 0.14701725665838297,
    "ROUGE_L": 0.3172612790585422,
    "CIDEr": 0.30753270329784793,
    "SPICE": 0.09351438789512809
}