{
    "Bleu_1": 0.4569791160757561,
    "Bleu_2": 0.2282198753815402,
    "Bleu_3": 0.0978919647098156,
    "Bleu_4": 0.04446541557193677,
    "METEOR": 0.11148885098727776,
    "ROUGE_L": 0.33363890436470556,
    "CIDEr": 0.081748466412739,
    "SPICE": 0.02509414213320427
}