{
    "Bleu_1": 0.5634332169046191,
    "Bleu_2": 0.35613536351263847,
    "Bleu_3": 0.2197178084003913,
    "Bleu_4": 0.14017521563839755,
    "METEOR": 0.15861968706016907,
    "ROUGE_L": 0.40910994041405085,
    "CIDEr": 0.3442688424823265,
    "SPICE": 0.08055250962140202
}