{
    "Bleu_1": 0.6204253570327624,
    "Bleu_2": 0.41645177762353963,
    "Bleu_3": 0.27155803294794356,
    "Bleu_4": 0.17606930617702543,
    "METEOR": 0.1868786723174731,
    "ROUGE_L": 0.44259367190485444,
    "CIDEr": 0.5355503440251562,
    "SPICE": 0.11385944810248257
}