{
    "Bleu_1": 0.5936671629325576,
    "Bleu_2": 0.4080998133027638,
    "Bleu_3": 0.26854390537367057,
    "Bleu_4": 0.17593713551045476,
    "METEOR": 0.20270088896841493,
    "ROUGE_L": 0.4451054558407827,
    "CIDEr": 0.6026530369943237,
    "SPICE": 0.13149981192577104
}