{
    "Bleu_1": 0.44889492343666815,
    "Bleu_2": 0.2643060952605215,
    "Bleu_3": 0.15102931044859164,
    "Bleu_4": 0.08742800264836573,
    "METEOR": 0.16332889726199684,
    "ROUGE_L": 0.34128139443737665,
    "CIDEr": 0.33614727054932425,
    "SPICE": 0.10554541465087239
}