{
    "Bleu_1": 0.6230081859651186,
    "Bleu_2": 0.41839889747763687,
    "Bleu_3": 0.27317147203710285,
    "Bleu_4": 0.17842083214054127,
    "METEOR": 0.18562541740546407,
    "ROUGE_L": 0.44341927088456035,
    "CIDEr": 0.5223263200920452,
    "SPICE": 0.10975180303643195
}